"year","geneticSexID","Ploidy_level","n_medium_trees","Cos.aspect","population_density_m2","size_mean","size_sd","site_code","site_type","lambda","X.UTM","Y.UTM","Watershed","Elevation","Slope","Canopy_openness","Cow_Damage","Summer.Insolation","Soil.type","lambda_binned","dbh_modal"
2018,"M","Triploid",0,-0.367124412808791,0.0753396180316663,33.2571428571429,7.46030766632251,"ACGNT01","random",1.009511988016,326972.4253226,4316448.5266888,"Middle East River",2990.49961964719,16.9998835555858,3,0,21.431827545166,"Talus","stable",50
2018,"M","Triploid",1,-0.799952761691742,0.245609480080086,18.3,4.6979901139861,"AGXLZ","random",0.998245340480926,327346.757674397,4310062.18784653,"Washington Gulch-Slate River",3097.72397142707,26.1009579712373,5,0,23.8570365905762,"Talus","stable",50
2018,"M","Triploid",4,-0.893537142486394,0.127323954473516,20.44,14.2301870058767,"AMYCG","random",0.983286459097938,328003.960811797,4314270.05049237,"Middle East River",2949.49750603777,12.0342134364744,4,0,22.5156784057617,"Soil","decreasing",50
2020,"F","Triploid",0,-0.800165468171791,0.109159768924482,24.8083333333333,8.79973742721218,"AQPIX","random",0.952883839527521,322681.687426321,4311523.73606385,"Oh-be-Joyful Creek-Slate River",3013.05798890024,32.2705772207523,4,0,24.2623386383057,"Soil","decreasing",50
2018,"F","Diploid",1,-0.70240620511473,0.275354572823348,11.44,2.34150948464162,"AQXKL","random",1.00052916752576,322958.120040625,4311126.71725706,"Oh-be-Joyful Creek-Slate River",2951.24985608817,36.9041218827893,5,0,23.9707431793213,"Soil","stable",44.4444444444444
2018,"F","Triploid",2,-0.637311746353685,0.0688386432058371,23.525,8.3170650730033,"AQZOX","random",0.963037426240886,322049.022303677,4303907.96679409,"Coal Creek",3058.3586412744,19.538380036775,2,0,22.4029140472412,"Talus","decreasing",50
2018,"F","Triploid",0,0.1253882219073,0.232512699915114,21.9166666666667,2.48468643226196,"ASIBO","random",0.967163460825219,336219.191991488,4309658.86404716,"Middle East River",3105.95279511018,21.6424852799076,5,0,18.2625980377197,"Soil","decreasing",50
2018,"F","Diploid",5,-0.97198127447618,0.113317866209965,12.99,9.51798881650483,"AWUSD","random",0.997698864029251,320802.806420235,4313762.14708822,"Oh-be-Joyful Creek-Slate River",2944.86911932238,29.2823099053637,3,0,24.9854278564453,"Talus","stable",50
2018,"M","Triploid",0,-0.987428692243841,0.881744837074209,16.05625,6.78651170126661,"AZLSF","random",1.00231188461949,322117.297626967,4303817.10122024,"Coal Creek",3021.92826525028,19.6627092289701,5,0,24.2995471954346,"Soil","stable",0
2018,"M","Triploid",4,0.19270361809552,0.292295579599441,11.9272727272727,8.71367785829737,"BCNTS01","random",1.00770967623963,334288.507825069,4305645.89601601,"Middle East River",2759.94594983928,19.6129290595529,5,1,18.7289505004883,"Soil","stable",0
2018,"M","Triploid",2,0.173338871458378,0.509295817894065,17.21,4.56860056375156,"BCSFE01","random",1.00461755325579,334202.579489076,4304982.34410901,"Middle East River",2805.69885284394,17.7661634874249,5,1,18.4850978851318,"Soil","stable",0
2018,"M","Triploid",0,-0.99996931107816,0.113317866209965,23.8090909090909,2.20202386247495,"BDGAP","random",0.942242642842075,325198.534923004,4308938.99116289,"Oh-be-Joyful Creek-Slate River",2917.82820337454,18.2956549904125,4,0,23.3517112731934,"Soil","decreasing",50
2020,"M","Diploid",4,-0.756921932050607,0.310849498226358,10.96,2.91212026613676,"BFPMS","random",1.00830892026593,327996.961374053,4309688.14052439,"Washington Gulch-Slate River",3203.83665248274,20.6826550506049,2,0,23.185827255249,"Talus","stable",0
2018,"M","Triploid",0,0.473563143420312,0.0979716485638017,15.47,5.4810886996411,"BJSRA01","random",1.01195522454696,323380.331310211,4309178.74203642,"Oh-be-Joyful Creek-Slate River",2766.62983779076,19.2822280841445,3,0,17.0625038146973,"Talus","increasing",0
2018,"F","Diploid",3,0.368448672652026,0.109159768924482,13.17,7.87048636080106,"BJSRB01","random",1.00893084756574,323255.304685255,4309135.2883889,"Oh-be-Joyful Creek-Slate River",2800.15103019093,14.2460057022163,2,0,18.1742172241211,"Talus","stable",49.4949494949495
2020,"F","Triploid",0,0.999315319882566,0.436639075697929,13.5,5.09095057703154,"BJSRC01","random",0.978484687821653,323274.552639293,4308987.33052322,"Oh-be-Joyful Creek-Slate River",2819.34677641356,7.26829001557331,4,0,18.9898891448975,"Talus","decreasing",50
2018,"M","Triploid",2,-0.935455519650152,0.138155332545048,22.2,3.02654919008431,"BRDPJ","random",0.968333364248967,326421.322670874,4312315.21930591,"Washington Gulch-Slate River",3106.24389004336,21.9215667921543,2,1,24.1768970489502,"Talus","decreasing",50
2018,"F","Triploid",0,-0.70538260927859,0.105226408655799,21.2,8.2796135175502,"BUCDS","random",0.956750256658281,327344.917955463,4309938.27762983,"Washington Gulch-Slate River",3063.77332074659,17.4113365117806,4,0,22.4449272155762,"Soil","decreasing",50
2020,"M","Triploid",13,-0.0916515538957123,0.070908863039383,14.3461538461538,6.0858600302416,"BXKLR","random",1.01563585634456,326551.479023703,4311094.84146319,"Washington Gulch-Slate River",3067.73398896275,28.8967474756193,2,0,18.807544708252,"Soil","increasing",0
2018,"F","Diploid",0,-0.938095225938467,0.0360242062227015,12.2666666666667,5.57140970137775,"CAJTV","random",0.99636253705602,323173.96448627,4311315.31530063,"Oh-be-Joyful Creek-Slate River",3047.47690662254,15.5061532111563,3,0,23.2989368438721,"Soil","stable",50
2018,"M","Diploid",0,-0.706301490753808,0.353677651315323,16.1666666666667,8.25999394672902,"CAKME","random",1.00702872560319,322255.32103829,4311654.00936555,"Oh-be-Joyful Creek-Slate River",2884.32625228362,37.3102941283253,3,0,22.4107513427734,"Soil","stable",0
2018,"F","Triploid",0,-0.708535075683427,0.045111945320832,17.2818181818182,5.48995777430358,"CAVWP","random",0.956480745709445,322439.663256607,4311714.12266797,"Oh-be-Joyful Creek-Slate River",2983.42970111869,20.6753279024392,2,0,23.0341396331787,"Soil","decreasing",50
2018,"M","Triploid",4,-0.967488069918853,0.180447781283328,11.9636363636364,7.11495224541567,"CBLGE01","random",0.963133634123592,331585.34559537,4303815.16365725,"Washington Gulch-Slate River",2818.06394948086,8.89064536829566,4,0,21.5427494049072,"Soil","decreasing",50
2018,"M","Triploid",3,-0.932712236714973,0.0946224394125415,9.35,4.12553026894725,"CCBAH01","random",0.966988546900958,321081.709682871,4303167.326886,"Coal Creek",2989.40723247916,23.1356555853263,1,0,24.1002006530762,"Scree","decreasing",50
2018,"M","Diploid",0,-0.810846648333972,0.310849498226358,22.3888888888889,8.82049381333671,"CFRID","random",1.00703596906444,323019.56160548,4311043.15954492,"Oh-be-Joyful Creek-Slate River",2938.45619377671,37.1863807223048,3,0,23.5227165222168,"Soil","stable",0
2018,"M","Triploid",0,-0.117205297103931,0.331227769181884,17.7333333333333,5.76668593445721,"CHXQL","random",1.00710174719156,323516.31271284,4305007.34603572,"Coal Creek",3149.14637754692,21.6974897590402,3,0,19.94215965271,"Soil","stable",0
2020,"M","Triploid",0,-0.776097388277882,0.259844805047992,20.9428571428571,8.79580527730068,"CJLAV","random",1.0018443966797,330498.952708082,4312292.65412254,"Middle East River",2941.64428531759,14.4367247243254,4,0,22.4467086791992,"Soil","stable",50
2020,"F","Triploid",0,-0.998047294068443,0.064961201261998,20.7666666666667,7.41044308166972,"CQMJX","random",0.938086299507513,321790.000683487,4304202.05212535,"Coal Creek",3179.86310786901,20.60721803494,1,0,24.1886310577393,"Scree","decreasing",50
2020,"F","Triploid",2,-0.762233779663053,0.0730738948998603,15.0076923076923,6.22755456800146,"DAZIP","random",0.960673130287652,328520.309297941,4309421.80784592,"Washington Gulch-Slate River",3014.53762625548,13.2934357226693,4,0,22.4477138519287,"Talus","decreasing",50
2018,"M","Triploid",3,-0.687232270573069,0.245609480080086,22.75,3.03691572863936,"DBUZY","random",1.00734117638971,327671.117155062,4309821.56479972,"Washington Gulch-Slate River",3104.5497609876,27.024667904653,4,0,23.0901145935059,"Soil","stable",0
2020,"M","Triploid",20,-0.795104964001919,0.157190067251255,13.6333333333333,7.07937144102497,"DCTAC01","random",1.01248615582337,334523.169834543,4310264.67164834,"Middle East River",3208.69129654804,17.5304413004202,1,0,22.9418315887451,"Soil","increasing",0
2020,"M","Triploid",0,-0.881933398898457,0.0979716485638017,15.1,8.39126529990164,"DFRLK","random",0.978969001883696,325122.792208265,4312140.42304559,"Washington Gulch-Slate River",3066.66665534129,8.24802439881637,2,0,21.9631156921387,"Soil","decreasing",50
2020,"F","Triploid",2,-0.916188094258593,0.109159768924482,30.35,17.7198727108546,"DKWBZ","random",0.950285639451359,322032.203893438,4304241.13131062,"Coal Creek",3136.57524890362,17.2215617437043,4,0,23.344612121582,"Soil","decreasing",50
2018,"M","Triploid",0,-0.803700460938073,0.0565884242104516,34.1333333333333,3.84089833242173,"DNSQI","random",0.995752455082462,322568.973982209,4311833.98362783,"Oh-be-Joyful Creek-Slate River",3048.01743281255,15.7163655310609,3,0,22.755392074585,"Soil","stable",50
2018,"M","Triploid",1,-0.942759629936345,0.0614023700200213,21.62,10.9893685997978,"DPEXK","random",0.9631105544361,328819.691553831,4313308.89385875,"Middle East River",2974.03178971172,8.26726684163105,3,0,21.8796157836914,"Soil","decreasing",50
2018,"M","Diploid",0,-0.888636594710037,0.132573880126527,22.0285714285714,2.77531636978218,"DRCAD01","random",1.00850089474836,331714.411441074,4313054.80009602,"Middle East River",3243.48734906957,14.0430886328238,2,0,23.1798057556152,"Soil","stable",47.979797979798
2018,"F","Triploid",0,-0.922485503872131,0.132573880126527,19,4.17660148924936,"DRCBB01","random",0.948290791715776,331792.305752958,4311867.89777663,"Middle East River",3050.98734031074,20.7020482497764,2,0,24.0207977294922,"Talus","decreasing",50
2018,"M","Diploid",0,-0.886862866745806,0.172152453317356,16.625,9.42916574605976,"DRCRS01","random",1.00755945230714,332461.919977343,4312530.11326719,"Middle East River",3207.49548662584,30.7024427884659,3,0,24.5085563659668,"Scree","stable",5.05050505050505
2020,"M","Triploid",0,-0.973243544187468,0.109159768924482,26.2142857142857,2.78413874859508,"DRCSA01","random",0.951705066747271,328985.348986305,4313151.42955902,"Middle East River",2952.05897689928,12.4662321324231,2,0,22.7706336975098,"Soil","decreasing",50
2018,"F","Triploid",1,-0.995081365549097,0.209276716754629,15.73,9.23111284972968,"DWHUR","random",0.943646857540421,321396.529743039,4303460.48530607,"Coal Creek",3049.13531848243,11.4728444350588,3,0,23.1156444549561,"Talus","decreasing",50
2018,"M","Triploid",2,-0.318585900510493,0.105226408655799,15.92,5.24802608394602,"DWLFN","random",1.01096588242568,322026.257473824,4312303.46279317,"Oh-be-Joyful Creek-Slate River",2932.79222018696,20.5323321744291,3,0,21.2553367614746,"Talus","increasing",4.54545454545455
2018,"M","Triploid",4,-0.961299044897547,0.150430002922396,13.9666666666667,8.28432254321378,"DXLWT","random",0.963973324887746,323916.638459711,4305132.98708499,"Coal Creek",3077.17019004923,21.9268986699688,2,0,24.2471294403076,"Soil","decreasing",50
2020,"F","Triploid",8,0.143762806071284,0.0753396180316663,13.8916666666667,6.77796675510682,"EBUVG","random",1.00637150014815,328272.011009622,4309492.07686899,"Washington Gulch-Slate River",3090.57368303497,30.2081042798887,3,0,17.2999496459961,"Talus","stable",5.05050505050505
2020,"M","Triploid",0,-0.807555060501268,0.0497359197162172,24.5545454545455,12.5978858255156,"EHCTY","random",0.992854939335489,330178.773937984,4312565.00688904,"Middle East River",2946.17116479124,14.0122019770334,2,0,22.3837947845459,"Soil","stable",50
2020,"M","Diploid",4,-0.906664298826898,0.0372020319864182,13.8294117647059,9.27016482498305,"ERNAK","random",1.00820114999393,322771.324416801,4311112.26191189,"Oh-be-Joyful Creek-Slate River",2868.29192506148,36.3068635968215,2,0,25.3620319366455,"Soil","stable",50
2018,"M","Triploid",17,-0.882960041625945,0.132573880126527,20.16,5.92493788059325,"EXIMR","random",1.01303219645354,326399.377938668,4312460.89500215,"Washington Gulch-Slate River",3148.69177665196,21.0063701220082,3,1,23.6023807525635,"Talus","increasing",0
2018,"M","Triploid",0,-0.997015820051389,0.0360242062227015,10.0666666666667,3.17127256743562,"FAMLP","random",0.942323804770566,321419.584768081,4303443.39818812,"Coal Creek",3047.18707736466,17.518839410235,2,0,24.3425807952881,"Talus","decreasing",50
2018,"F","Triploid",0,-0.402664057105941,0.0730738948998603,23.44,9.80818252503717,"FBPJG","random",0.960560057003825,322577.079217201,4311538.47718857,"Oh-be-Joyful Creek-Slate River",2972.55716350854,30.115594575124,2,0,20.9769954681396,"Soil","decreasing",50
2020,"M","Triploid",1,-0.96768695497158,0.0979716485638017,20.9454545454545,2.69085995041126,"FGWLJ","random",0.954784984202023,327998.972211553,4309461.6605563,"Washington Gulch-Slate River",3109.43937652083,26.2381436298449,4,0,25.135009765625,"Talus","decreasing",50
2018,"M","Triploid",0,-0.99767492330088,0.0946224394125415,11.79,6.65489794562371,"FLVQR","random",0.943105235499627,324702.542541522,4308988.70412329,"Oh-be-Joyful Creek-Slate River",2875.44549478521,21.4353590520534,3,0,24.5326881408691,"Talus","decreasing",50
2018,"M","Triploid",0,-0.845214804017506,0.144096824890806,18.8888888888889,9.07116922513912,"FOOOT01","random",0.988424126999087,326073.071861404,4317796.73796577,"Middle East River",2992.44799602026,17.8387459167787,3,0,23.1579074859619,"Soil","decreasing",50
2018,"M","Triploid",0,-0.850082791601521,0.982437920320344,26.75,2.05060966544099,"FOWCL","random",1.00176498757855,322367.560685389,4303750.67801102,"Coal Creek",2991.52653916651,5.08566317555027,5,0,21.1482601165771,"Soil","stable",0
2018,"M","Triploid",2,-0.932063498758076,0.0536869431917339,25.87,4.44873265348933,"FYSUQ","random",0.968234793175413,321923.353701605,4303839.95960008,"Coal Creek",3062.36717053914,17.7394800697465,1,0,23.6916484832764,"Soil","decreasing",50
2020,"M","Triploid",0,-0.948079784716706,0.034538833136262,31.9909090909091,15.6211046053379,"FYXEJ","random",0.960519470836462,323794.2060151,4304662.79812066,"Coal Creek",3039.45143097785,11.3503697078254,4,0,22.4212818145752,"Talus","decreasing",50
2018,"F","Triploid",0,-0.289152159864608,0.064961201261998,30.26,17.2093127243491,"GCJEZ","random",0.960042251492227,323219.155188483,4310970.60088153,"Oh-be-Joyful Creek-Slate River",2980.54128008683,23.4453252133825,4,0,20.8181037902832,"Talus","decreasing",50
2018,"M","Triploid",12,-0.632204171344252,0.0979716485638017,11.3166666666667,10.0366162956779,"GDAOC01","random",1.01403069356697,327890.34757887,4314546.15646102,"Middle East River",2995.38691446851,12.2149299624923,1,0,21.7784461975098,"Soil","increasing",0
2018,"M","Diploid",3,-0.485532162231724,0.070908863039383,13.9923076923077,10.7406130751819,"GHLPC","random",1.01329288305361,321221.206841849,4303385.59139931,"Coal Creek",3037.13862292075,15.7851292563075,3,0,21.3916168212891,"Talus","increasing",5.05050505050505
2020,"M","Triploid",6,-0.933825003761018,0.0730738948998603,20.325,8.31105116267319,"GITMZ","random",0.974640533204774,330164.116928695,4313657.08728376,"Middle East River",3309.82409979775,27.173529857573,2,0,24.6937999725342,"Talus","decreasing",50
2020,"M","Diploid",1,-0.629813320211346,0.331227769181884,13.2363636363636,7.36984025977127,"GJBOV","random",1.00769895324092,330531.909646662,4304764.8227956,"Washington Gulch-Slate River",2776.23909089691,5.48350001002199,3,0,20.6773719787598,"Talus","stable",0
2018,"M","Triploid",4,-0.954179542535049,0.220436209268553,15.8636363636364,8.67159417030949,"GOPXK","random",0.968458311192692,323095.656477723,4304943.60571366,"Coal Creek",3247.60932282186,23.6755051095046,5,0,24.3726425170898,"Talus","decreasing",50
2020,"M","Triploid",0,0.168552605564331,0.0777123745565895,29.9,15.6440403988228,"GPQAO","random",1.01305175841348,325325.710091801,4308883.82565473,"Oh-be-Joyful Creek-Slate River",2913.77061877652,1.66172763027008,2,0,19.9394569396973,"Soil","increasing",0
2018,"M","Triploid",6,0.312493402161908,0.353677651315323,14.4727272727273,5.75066794539398,"GRJXK","random",1.00654027200591,328806.702485792,4310509.20143196,"Middle East River",3117.0431295959,12.9773651429964,4,0,18.6663703918457,"Soil","stable",0
2018,"M","Diploid",0,-0.994122740660876,0.113317866209965,12.76,4.8819053657358,"HDWZP","random",1.0047991185841,320489.039669158,4303104.35240955,"Coal Creek",3102.99181136835,24.5518910746134,2,0,24.9908008575439,"Talus","stable",50
2018,"M","Triploid",11,-0.999158946591529,0.12237981014371,6.21666666666667,1.22164816638189,"HIRTE","random",0.995913325742108,326724.412992459,4312336.01153956,"Washington Gulch-Slate River",3127.66238718134,24.4594471340473,2,1,24.6533584594727,"Talus","stable",5.05050505050505
2018,"M","Triploid",0,-0.994647208296658,0.209276716754629,18.1,7.08147390924183,"HIXNG","random",0.946426507942276,319568.469802408,4302940.23018968,"Coal Creek",3074.18775912767,34.2544936796,3,0,25.7382965087891,"Soil","decreasing",50
2018,"M","Diploid",1,-0.755603337981286,0.232512699915114,10.1375,3.53631668749926,"HKIOP","random",1.00763500031795,327122.33915989,4310390.10081991,"Washington Gulch-Slate River",3118.09451010413,25.3012508992752,4,0,23.3963451385498,"Talus","stable",4.54545454545455
2018,"M","Triploid",0,-0.497503684304049,0.105226408655799,20.4222222222222,4.39880034150727,"HLERZ","random",1.0080644429806,328139.204835493,4309567.83643193,"Washington Gulch-Slate River",3164.20846917228,24.9530697991889,4,0,21.3949718475342,"Talus","stable",50
2018,"F","Diploid",0,0.0686059679789203,0.0730738948998603,22.1818181818182,9.3898688150387,"HSYDC","random",1.00693969101657,325042.129940638,4308966.90170785,"Oh-be-Joyful Creek-Slate River",2906.82994298516,11.9778407330479,4,0,19.6447200775146,"Soil","stable",50
2018,"F","Triploid",1,-0.800202890966659,0.164416263524685,20.5,6.77200118133481,"HVDLX","random",0.957952337131692,322320.561310784,4303590.52517645,"Coal Creek",2954.56634566595,29.5300185818442,3,0,23.4576625823975,"Soil","decreasing",50
2020,"M","Triploid",3,-0.0780394840486651,0.220436209268553,15,6.85544621867482,"HXQLU","random",1.00934844156398,335889.403308966,4309315.40455963,"Middle East River",2977.94994486736,18.938751856394,3,0,20.1534519195557,"Soil","stable",0
2018,"M","Triploid",0,-0.772600544589923,0.795774715459475,23.95,0.919238815542512,"HYSMR","random",1.00281656308443,322193.691350558,4303817.08438987,"Coal Creek",3017.87064949223,13.4777666823502,5,0,21.6200275421143,"Soil","stable",0
2020,"M","Diploid",0,-0.534721425789044,0.0614023700200213,16.1818181818182,6.33384846389905,"HYXUD","random",1.01154577909971,328624.374835127,4309460.52303684,"Washington Gulch-Slate River",3005.78674806652,11.6390333362138,3,0,20.8778419494629,"Scree","increasing",49.4949494949495
2018,"M","Triploid",0,-0.78314154069954,0.0581281749787785,29.0444444444444,4.72205228452394,"IGKFX","random",0.996711842765096,325180.804132248,4309078.71412954,"Oh-be-Joyful Creek-Slate River",2944.24091197296,10.2911602515342,3,0,21.6382961273193,"Soil","stable",50
2018,"M","Triploid",8,-0.72835611062306,0.127323954473516,17.1333333333333,10.7997755307762,"INWEG","random",1.01232326626617,328417.311917509,4309791.96056165,"Washington Gulch-Slate River",3089.87811582783,14.6530434422807,4,0,22.4892177581787,"Soil","increasing",0
2018,"M","Triploid",0,-0.762418754240694,0.209276716754629,16.64,6.41633332467488,"IOREZ","random",0.999212809434334,323218.997758173,4304986.39841629,"Coal Creek",3238.33730232517,19.9020221225883,3,0,22.9739208221436,"Talus","stable",50
2020,"F","Diploid",7,-0.811830748760763,0.245609480080086,9.86666666666667,1.93326149291812,"IWZCV","random",1.00240222924639,329288.213099409,4313564.82386436,"Middle East River",3130.7699925822,24.1569860341001,2,0,24.0443096160889,"Talus","stable",5.55555555555556
2018,"F","Triploid",0,-0.985319170414124,0.0914420816385492,31.2111111111111,3.81229735344859,"JIEQU","random",0.938051442212514,331814.892224957,4313009.69986808,"Middle East River",3234.83606669542,11.4028683831605,4,0,22.8224220275879,"Talus","decreasing",50
2018,"F","Diploid",0,-0.380695134435385,0.0440567316517356,17.4545454545455,11.0838047290958,"JIPRX","random",1.00524240100082,323026.235026295,4311534.5972748,"Oh-be-Joyful Creek-Slate River",3076.33405300192,17.4871661079808,4,0,21.3510131835938,"Talus","stable",50
2018,"M","Triploid",0,-0.244448604111035,0.0753396180316663,29.8,6.8222063879657,"JNLXY","random",1.01067670383499,322435.190657627,4312016.65459366,"Oh-be-Joyful Creek-Slate River",3041.26775936493,23.1774188856855,4,0,20.4507255554199,"Soil","increasing",50
2018,"M","Triploid",0,-0.491281553198301,0.144096824890806,13.72,7.20846724345752,"JOGHL","random",1.00722110506227,322235.836810611,4312059.8814699,"Oh-be-Joyful Creek-Slate River",3005.55504130155,24.8393008445043,1,0,22.2096366882324,"Scree","stable",49.4949494949495
2018,"M","Triploid",0,-0.889658221475477,0.0884194128288304,24.61,3.48853678336475,"JQFYC","random",0.979363171752325,321648.679670921,4303014.88434878,"Coal Creek",2957.31895845068,14.8904201341694,3,0,22.8998432159424,"Soil","decreasing",50
2020,"M","Triploid",2,-0.551134462836769,0.0884194128288304,19.5090909090909,11.3604097237252,"JSAXZ","random",1.00831904852607,326746.79217307,4310588.67749849,"Washington Gulch-Slate River",3046.90132622427,19.4040392505234,5,0,22.2710018157959,"Soil","stable",50
2018,"M","Triploid",0,-0.977197359630189,0.189357457575128,20.3375,9.22309794560839,"KGSTM","random",0.951829952031259,321374.664390672,4303337.85698696,"Coal Creek",3023.51100701201,15.5391096500597,4,0,23.6657581329346,"Talus","decreasing",50
2018,"M","Diploid",5,-0.796158643818551,0.601720011689586,12.7545454545455,7.2082402341159,"KHMSF","random",1.00512614607111,325895.519079498,4312143.79197066,"Washington Gulch-Slate River",3087.71428693665,15.4515126980908,4,0,22.7751083374023,"Soil","stable",0
2020,"M","Triploid",0,-0.386266661274871,0.150430002922396,22.1272727272727,8.23979258344419,"KJORG","random",1.00913650856815,329169.620194642,4309483.35181504,"Washington Gulch-Slate River",2945.00654932051,15.6762527719934,4,0,20.8279495239258,"Soil","stable",4.54545454545455
2018,"M","Diploid",1,0.469513040869241,0.795774715459475,11.85,3.79744065859568,"KLNJA","random",1.00130686269352,322200.667295945,4312231.11042545,"Oh-be-Joyful Creek-Slate River",2997.50104012466,30.049529624507,3,1,15.105110168457,"Soil","stable",5.05050505050505
2018,"F","Triploid",3,-0.854598765624597,0.113317866209965,17.8818181818182,12.2444124548153,"KNTIE","random",0.959002890309453,328200.281544825,4314487.39305349,"Middle East River",3040.59202932055,20.8176236920685,4,0,23.7539196014404,"Soil","decreasing",50
2018,"M","Triploid",0,-0.663684232224187,0.157190067251255,20.3428571428571,4.95542031276767,"KQTMD","random",1.0050658038836,327144.847237333,4310189.87498909,"Washington Gulch-Slate River",3068.88763227939,19.5370783782048,5,0,22.4714622497559,"Talus","stable",50
2018,"M","Triploid",0,-0.632608464814308,0.0614023700200213,26.7545454545455,3.56521069121129,"KXAYQ","random",1.00429769797377,331542.255686308,4311812.70263155,"Middle East River",2985.88584309478,17.5943358367174,3,1,22.3099746704102,"Talus","stable",50
2018,"M","Triploid",0,-0.287025976952191,0.164416263524685,13.01,6.58406325067499,"LIAHQ","random",1.00887210325804,331815.369811286,4311566.43856974,"Middle East River",3033.04415621337,20.2604595683639,5,1,20.4861106872559,"Soil","stable",4.54545454545455
2020,"M","Diploid",1,-0.872979351694322,0.0228605204096374,24.4666666666667,1.89384969484557,"LQDNH","random",1.00758852981566,329886.612163516,4313532.95154959,"Middle East River",3232.56265893531,19.4377694378902,2,0,23.6098079681396,"Talus","stable",50
2020,"M","Triploid",2,-0.942385860989128,0.064961201261998,22.4363636363636,13.7387243022977,"LRPJC","random",0.964830401827324,336051.973651498,4308496.57075845,"Middle East River",2976.91817567667,22.881168909675,3,0,23.543664932251,"Soil","decreasing",50
2020,"M","Triploid",0,-0.15668044867805,0.209276716754629,18.0833333333333,11.5781010637507,"LXOGB","random",1.00904657925754,330123.231611244,4305781.41410091,"Washington Gulch-Slate River",2854.10019231642,17.6858814045554,4,0,18.6879711151123,"Talus","stable",0
2018,"M","Triploid",0,0.895565347567531,0.150430002922396,22.6555555555556,3.76102084250776,"MCBRM01","random",1.00960544170839,331160.226565515,4309395.72180271,"Middle East River",2812.78275120927,19.629535387816,5,0,14.5198030471802,"Soil","stable",50
2018,"M","Triploid",5,-0.836921530513966,0.0597316356133967,19.5,3.58608421540822,"MEMNL01","random",0.99170873455107,323724.050000441,4304396.76800083,"Coal Creek",2987.40369928177,14.2122104826142,3,0,22.9243125915527,"Talus","stable",50
2020,"F","Diploid",1,-0.894039320917609,0.180447781283328,14.84,5.64430883476642,"MEMRS01","random",0.998624642336914,324169.742001475,4304922.35038497,"Coal Creek",3033.59324898955,25.5644008768987,5,0,24.4770908355713,"Soil","stable",49.4949494949495
2020,"M","Triploid",0,0.152933779090422,0.0597316356133967,10.8333333333333,4.46402284940389,"MKBID","random",1.01363267859034,331220.547414249,4312299.99387989,"Middle East River",3076.24908117372,10.4187549709628,1,1,20.483434677124,"Soil","increasing",4.54545454545455
2018,"M","Triploid",3,-0.561519245794856,0.232512699915114,11.1636363636364,4.88800014878738,"MKTPA","random",1.00739478260726,323415.975108405,4304828.36823279,"Coal Creek",3145.76299377005,16.6595525063696,5,0,22.0145473480225,"Soil","stable",0
2018,"M","Diploid",2,-0.874982731672599,0.552621330180192,11.62,3.07852778667553,"MNAQJ","random",1.00545807334564,327290.234321215,4310650.8860773,"Washington Gulch-Slate River",3306.21544348549,32.671945520466,3,0,25.2354221343994,"Scree","stable",0
2018,"F","Diploid",4,-0.686063778560935,0.232512699915114,18.27,7.46741811694868,"MRIND","random",1.0034221896988,323249.420976868,4310811.48043096,"Oh-be-Joyful Creek-Slate River",2958.35390278016,28.4095347859648,4,0,23.419319152832,"Soil","stable",40.4040404040404
2020,"M","Diploid",3,-0.790083607247581,0.310849498226358,13.8571428571429,10.4821984104711,"MTAFH","random",1.00814114652382,322795.387712848,4311411.69840171,"Oh-be-Joyful Creek-Slate River",3014.70943675194,27.5612091310537,4,0,23.8768119812012,"Soil","stable",0
2018,"F","Triploid",3,-0.354535344985492,0.064961201261998,21.02,11.2975710270443,"MVARN","random",0.971357765258216,328471.919099678,4313503.91681424,"Middle East River",2963.26028912315,10.3389496301845,3,0,20.6974754333496,"Soil","decreasing",50
2020,"M","Diploid",1,-0.60807544432608,0.157190067251255,14.5375,3.9813628319961,"NGTWF","random",1.009944365529,327368.680352342,4310192.19940325,"Washington Gulch-Slate River",3155.36778388593,33.4850682892966,3,0,22.9734268188477,"Talus","stable",4.54545454545455
2018,"F","Triploid",0,-0.98138719233289,0.157190067251255,18.5,10.4859694618836,"NIBED","random",0.942013489433202,332516.984886643,4312469.06483388,"Middle East River",3160.90036719374,27.0027600377308,3,0,25.0415935516357,"Talus","decreasing",50
2018,"M","Triploid",18,-0.722842773858825,0.209276716754629,9.49,10.90040264292,"NISHT","random",1.01074363094851,327847.565712871,4315088.46335415,"Middle East River",3058.85376610158,19.3561761756109,3,0,23.2290935516357,"Scree","increasing",0
2018,"M","Triploid",0,-0.866296684065132,0.198943678864869,20.8090909090909,9.7556603616008,"NIZOD","random",0.986781538630518,323126.389907607,4304337.84454362,"Coal Creek",3037.25374659151,16.0525317077646,4,0,23.0198955535889,"Talus","decreasing",50
2018,"M","Triploid",0,-0.757063507568281,0.0614023700200213,17.9777777777778,7.85410366906654,"NLDIZ","random",0.995838989655532,322149.593860834,4311888.56541945,"Oh-be-Joyful Creek-Slate River",2924.02785816498,24.0306519959632,4,0,22.7802543640137,"Soil","stable",50
2020,"F","Triploid",0,-0.988536705761813,0.0614023700200213,32.33,8.11556118412851,"NVYPC","random",0.936921624414412,322202.881793388,4304187.70632841,"Coal Creek",3102.34719221502,19.1856223381439,3,0,23.7520008087158,"Soil","decreasing",50
2018,"F","Triploid",0,-0.805864259492704,0.0979716485638017,22.44,3.57590703334288,"OFCNI","random",0.953411586034148,327525.557249158,4309868.8771435,"Washington Gulch-Slate River",3079.0208861458,17.4159453889026,4,1,22.916015625,"Soil","decreasing",50
2018,"M","Triploid",3,-0.868029140888879,0.436639075697929,14.5090909090909,8.64354725161546,"OFMLA","random",1.00114174389981,319772.719720912,4303178.6278088,"Coal Creek",3132.93726057661,27.8259715915369,5,0,24.2752113342285,"Scree","stable",5.05050505050505
2018,"F","Diploid",2,-0.746657661462232,0.436639075697929,11.7545454545455,3.8351958584572,"OFSKE","random",1.00070178681426,328119.718710597,4309589.21268367,"Washington Gulch-Slate River",3176.12798671428,21.6354743587722,4,0,23.0616512298584,"Talus","stable",32.3232323232323
2020,"M","Triploid",0,-0.150519858016152,0.132573880126527,18.67,9.66471819443163,"OGJZR","random",1.01050900995594,322074.418106961,4312401.09337595,"Oh-be-Joyful Creek-Slate River",2960.1685963398,16.7244275254571,5,1,19.2430534362793,"Soil","increasing",0
2018,"M","Triploid",3,-0.813121735092742,0.12237981014371,20.23,4.99066907115447,"ORYUD","random",0.995314765633989,326999.337477226,4310516.36613431,"Washington Gulch-Slate River",3114.10222073902,27.4128996965817,4,1,23.846435546875,"Soil","stable",50
2020,"M","Triploid",15,-0.508944126067999,0.209276716754629,18.3125,6.8013522815057,"OUZLF","random",1.0104074506889,326542.340385049,4310836.61312439,"Washington Gulch-Slate River",3041.59600986594,28.4491597854491,3,0,22.3192539215088,"Soil","increasing",0
2018,"F","Triploid",2,-0.149352459703606,0.138155332545048,19.925,10.7402779958701,"PEIZA","random",0.971339797579321,335230.98528773,4309354.08412159,"Middle East River",3112.53302872689,28.8785756509876,3,0,19.1073760986328,"Soil","decreasing",50
2018,"F","Triploid",0,-0.311534583577753,0.070908863039383,18.1444444444444,5.79484924547462,"PEUNX","random",0.963277101177697,322595.232269381,4311613.05535472,"Oh-be-Joyful Creek-Slate River",3008.92249912867,25.1914634776283,3,0,20.5034427642822,"Soil","decreasing",50
2018,"F","Diploid",3,-0.930590345168187,0.259844805047992,19.1909090909091,7.57277420044392,"PHRAZ01","random",0.999221035290913,320675.945966444,4313940.95328657,"Oh-be-Joyful Creek-Slate River",3067.05323771411,37.2242964320625,3,0,25.1337337493896,"Soil","stable",49.4949494949495
2018,"F","Triploid",0,-0.986180139540547,0.0801990139037013,17.2666666666667,5.04083326445142,"PMRFH","random",0.940535654046867,328774.776566533,4312956.93899785,"Middle East River",2904.60247238032,12.8615930226934,2,0,22.5998668670654,"Soil","decreasing",50
2018,"M","Triploid",0,-0.548846191869276,0.172152453317356,11.9272727272727,3.80318048719513,"PMSAQ","random",1.00545598501311,324476.488853726,4304546.7407732,"Coal Creek",2941.54101394146,10.5011659222768,3,0,21.5934638977051,"Talus","stable",50
2020,"M","Triploid",1,-0.890288663620409,0.0828069422954708,21.7272727272727,8.65414246578954,"PMSYA","random",0.979177251935791,326766.672059491,4310664.65754672,"Washington Gulch-Slate River",3072.77845815488,25.4984310757753,3,1,24.2453346252441,"Soil","decreasing",50
2018,"M","Diploid",2,-0.685223777742501,0.0420544175166853,10.71,4.9608355031072,"POZDQ","random",1.009384957191,327420.07881934,4310162.71792908,"Washington Gulch-Slate River",3166.44960901804,30.2757162941716,2,0,23.3641033172607,"Talus","stable",50
2018,"M","Triploid",0,-0.930889306904195,0.12237981014371,26.3444444444444,4.72125807150783,"PQFKD","random",0.968167726796175,325196.331032507,4309035.48777183,"Oh-be-Joyful Creek-Slate River",2942.10277429863,3.52008969361917,4,0,20.8047924041748,"Soil","decreasing",50
2018,"M","Diploid",0,-0.900048049633947,0.406007507887488,9.28333333333333,2.92808242142646,"PSASR01","random",1.00505423862809,320903.352781983,4313837.2507078,"Oh-be-Joyful Creek-Slate River",2968.64013429698,38.3822695946428,3,0,25.0596351623535,"Soil","stable",4.54545454545455
2018,"F","Diploid",30,-0.51127595537313,0.08991169724844,7.44285714285714,4.45036114104398,"PWGSM","random",1.01736943344195,321133.660215238,4303968.25459764,"Coal Creek",3181.09159841044,33.0583490483502,2,0,22.5112991333008,"Talus","increasing",0
2020,"M","Diploid",0,-0.905063627665445,0.180447781283328,20.15,4.5453272709454,"PYIAW","random",1.00752260383569,329693.214656966,4313731.10109945,"Middle East River",3265.58761921415,22.4757948372858,5,0,24.0807285308838,"Talus","stable",5.05050505050505
2020,"M","Triploid",0,-0.426493651450322,0.0360242062227015,17.2857142857143,11.4297760354165,"QAOMG","random",1.00554653052557,325176.421617402,4311664.16693372,"Washington Gulch-Slate River",2977.95013296001,18.1188240661669,2,0,21.3633575439453,"Soil","stable",50
2018,"M","Triploid",6,-0.736485727905634,0.198943678864869,17.5111111111111,7.56958460624565,"QEUOW","random",1.00934702615864,326696.011835589,4312187.73314652,"Washington Gulch-Slate River",3088.24458987832,19.0039185014445,4,0,22.8062191009521,"Talus","stable",0
2020,"M","Triploid",0,-0.388202375327041,0.180447781283328,14.3454545454545,3.91084738550704,"QJLKF","random",1.00798241416783,327767.858543595,4309763.01611544,"Washington Gulch-Slate River",3119.31661154833,31.5260591500996,4,0,21.3966636657715,"Soil","stable",4.54545454545455
2018,"M","Triploid",1,-0.879150522180366,0.292295579599441,23.66,6.49344969094925,"QREOK","random",0.989241013334016,323266.128795358,4304648.15369914,"Coal Creek",3114.28167243083,20.5004468509522,5,0,23.6789646148682,"Talus","decreasing",50
2020,"M","Triploid",9,-0.56647605093578,0.070908863039383,11.98,7.49182411508897,"QUFSK","random",1.01540164158101,320853.57746327,4302984.39193556,"Coal Creek",3026.5184420489,16.3336941769206,2,0,22.7199153900146,"Talus","increasing",0
2020,"M","Triploid",9,-0.380438654111642,0.113317866209965,14.74,2.658403865313,"QWRKZ","random",1.01308238782116,326719.927363404,4310985.15958132,"Washington Gulch-Slate River",3159.45168994195,31.4833412468009,3,0,21.4150772094727,"Soil","increasing",0
2018,"M","Triploid",0,-0.997995922156722,0.105226408655799,25.5125,11.449695878681,"QWXMI","random",0.942705295780957,326548.928558567,4312242.41720191,"Washington Gulch-Slate River",3088.31126865476,28.3771750148133,4,0,24.8702716827393,"Soil","decreasing",50
2018,"M","Triploid",2,-0.788554086719432,0.109159768924482,14.0363636363636,1.5603030008769,"QZUBY","random",0.993553716849659,327969.002999231,4309639.06029156,"Washington Gulch-Slate River",3177.51866422699,27.8578098177154,2,0,23.8812465667725,"Soil","stable",50
2020,"M","Triploid",8,-0.870425529977083,0.127323954473516,16.6125,5.59602856624997,"RBGXO","random",0.996657721457251,329601.274353279,4313488.18487435,"Middle East River",3173.72438587129,21.3085882310757,3,0,23.7123489379883,"Talus","stable",50
2018,"M","Triploid",0,-0.882336983737629,0.353677651315323,24.0375,11.1464199890112,"REVKF","random",0.991005644383919,323753.1211775,4304688.82964713,"Coal Creek",3046.87045870134,12.2825981599362,5,0,22.4284744262695,"Talus","stable",50
2018,"F","Triploid",0,-0.978050119687285,0.0360242062227015,22.968,13.3661931753211,"RGBOB01","random",0.939207279350695,326228.797735245,4318060.41952912,"Middle East River",3039.31901346663,7.59425019569493,1,0,21.8513088226318,"Soil","decreasing",50
2020,"M","Triploid",0,-0.924802586918976,0.109159768924482,25.4833333333333,14.0590852756457,"RJVEF","random",0.970046102087893,330096.759762892,4313186.08140182,"Middle East River",3138.71622947394,19.8032124969304,5,1,23.7296867370605,"Soil","decreasing",50
2018,"M","Diploid",2,-0.787604610070111,0.157190067251255,15.76,7.78990800116835,"RLPJZ","random",1.00929890464639,324522.064344996,4309065.40532918,"Oh-be-Joyful Creek-Slate River",2856.5153443965,37.0599532605622,3,0,24.2892780303955,"Soil","stable",5.05050505050505
2018,"M","Triploid",0,-0.887427688871774,0.070908863039383,32.3181818181818,3.75681199471525,"ROUBC","random",0.981527074586188,325230.366024733,4308966.1357966,"Oh-be-Joyful Creek-Slate River",2924.90940585352,13.6450407323946,5,0,22.8151397705078,"Soil","decreasing",50
2018,"M","Triploid",0,-0.956332604189674,0.172152453317356,21.8,4.84790905671943,"RSQXD","random",0.95914231826235,321509.525742318,4303813.13323805,"Coal Creek",3092.27411630406,13.5326853987033,4,0,22.8787803649902,"Talus","decreasing",50
2018,"F","Triploid",8,-0.545006513400981,0.0368030854646538,11.1875,7.46102970679747,"RTNIO","random",0.992965870401519,327766.534910396,4315109.14150537,"Middle East River",3040.34269185683,16.1497157670338,1,0,21.9038677215576,"Scree","stable",50
2020,"F","Triploid",0,-0.869410993788218,0.127323954473516,28.4545454545455,9.06932893177479,"RVHAN","random",0.949105649819522,322178.566614201,4304457.84595062,"Coal Creek",3198.12302730162,19.8295108721025,4,0,23.2621803283691,"Talus","decreasing",50
2018,"M","Triploid",4,-0.982103158108254,0.245609480080086,17.0583333333333,7.06572499443403,"SACVG","random",0.962004106461005,335229.298647225,4310562.75667907,"Middle East River",3174.65292914484,25.338659280071,3,0,24.761833190918,"Soil","decreasing",5.55555555555556
2018,"M","Triploid",10,-0.873940670902174,0.275354572823348,15.1444444444444,9.41861336810137,"SBLHG","random",1.00866831406069,326620.608686903,4312387.02444648,"Washington Gulch-Slate River",3134.79360782484,15.0746092507889,4,1,22.9989566802979,"Talus","stable",0
2018,"F","Diploid",9,-0.986800919359521,0.12237981014371,13.5181818181818,8.97639328258496,"SBUFN","random",0.99983011254745,320750.85427633,4313956.13025376,"Oh-be-Joyful Creek-Slate River",3073.12652959486,33.0199862646995,3,0,25.0404663085938,"Soil","stable",49.4949494949495
2020,"M","Triploid",3,-0.867437858792474,0.0946224394125415,8.7,4.746841054849,"SGBTF01","random",0.981477265299476,326136.544900471,4312259.8023211,"Washington Gulch-Slate River",3109.20424862908,17.8426703726683,1,0,23.5284748077393,"Talus","decreasing",50
2018,"M","Triploid",0,-0.931910881314551,0.144096824890806,22.4777777777778,6.6672291429382,"SJCTK","random",0.967482829327594,321675.444518413,4303008.24114721,"Coal Creek",2951.37882079411,16.6818365486792,4,0,23.5790863037109,"Soil","decreasing",50
2018,"M","Triploid",0,-0.296315908900733,0.138155332545048,27.27,4.38432815073568,"SJTZA","random",1.01015040278964,331842.236411121,4312583.77980238,"Middle East River",3143.57080172154,13.3125582698008,3,1,21.1061534881592,"Talus","increasing",0
2018,"F","Diploid",0,-0.815857146793614,0.0730738948998603,21.6545454545455,11.1150675784148,"SLXGA","random",1.00250553909739,322845.057624606,4311035.43366784,"Oh-be-Joyful Creek-Slate River",2853.46021621729,34.460327213211,3,0,24.1729507446289,"Soil","stable",50
2018,"M","Triploid",0,0.232160660924749,0.220436209268553,9.73636363636364,4.4978378644128,"SMPAT","random",1.0084174603711,322302.956153821,4303657.09978909,"Coal Creek",2978.2118036197,11.0280485625379,3,0,18.4944515228271,"Soil","stable",0
2020,"M","Triploid",0,-0.865620088849677,0.220436209268553,18.69,7.97683451557627,"SNOUM","random",0.986391253579247,334422.721042924,4311017.14940493,"Middle East River",3204.81417544225,18.8401144826704,5,0,22.8465824127197,"Soil","decreasing",50
2018,"M","Triploid",0,-0.998812758651395,0.0979716485638017,20.0181818181818,8.52570444970012,"SQFKW","random",0.942495720740855,326295.655109887,4311963.52690376,"Washington Gulch-Slate River",3021.00125931278,20.8878228255734,3,0,24.3927841186523,"Soil","decreasing",50
2018,"M","Diploid",10,-0.829302969251663,0.0777123745565895,12.57,6.68066031333896,"SWJFH","random",1.01475254828567,320139.758459741,4314076.98899632,"Oh-be-Joyful Creek-Slate River",2985.80850756937,29.2167763113429,2,0,24.1000881195068,"Soil","increasing",0
2020,"M","Triploid",0,-0.993802077532859,0.164416263524685,26.2714285714286,9.12336090953955,"TAWMO","random",0.9453797444062,330317.326114267,4313040.68938033,"Middle East River",3104.76813619538,20.431357165902,4,0,24.1504325866699,"Soil","decreasing",50
2020,"M","Diploid",0,-0.981263046219455,0.232512699915114,17.7818181818182,8.05528623722561,"TCRUF","random",1.0060324359816,321647.537596504,4304120.60292215,"Coal Creek",3131.69696870205,20.9342057406398,4,0,24.276948928833,"Scree","stable",5.05050505050505
2020,"M","Triploid",1,-0.579941817285363,0.436639075697929,16.8555555555556,7.32514694581466,"TLZOU","random",1.00577695385874,330067.104324294,4305834.94948168,"Washington Gulch-Slate River",2858.38958179268,13.1620909257801,3,0,21.8216037750244,"Talus","stable",0
2020,"M","Triploid",0,-0.255245922052278,0.0411040658811712,16.1545454545455,5.65568097338661,"TNVQO","random",1.0086758387615,328317.330237379,4313890.4431472,"Middle East River",2962.33538913107,10.9406867829729,2,0,20.524995803833,"Scree","stable",50
2018,"M","Triploid",4,-0.613623343961808,0.0392975168128137,25.5,14.615146253117,"TVPBW","random",1.00717527055788,322521.333359375,4311836.53085108,"Oh-be-Joyful Creek-Slate River",3033.35507425377,28.5568930273843,3,0,22.5967979431152,"Soil","stable",50
2018,"M","Triploid",23,-0.966922566930567,0.0946224394125415,10.5416666666667,4.80084430705746,"TVWFM","random",1.01572882898437,323818.063662754,4305188.70126061,"Coal Creek",3095.66103347308,29.7841252011145,2,0,25.4115695953369,"Talus","increasing",0
2018,"F","Triploid",0,-0.768845342336897,0.209276716754629,15.8666666666667,3.56071153937899,"TYHBE","random",0.959164518243137,322789.555518567,4311267.69846244,"Oh-be-Joyful Creek-Slate River",2941.44542098641,24.6191351872502,3,0,23.0762481689453,"Scree","decreasing",50
2018,"M","Triploid",2,-0.75000252091928,0.0979716485638017,12.2,2.44846890933906,"TZVLB","random",0.995841873679398,322137.754865912,4303954.88620278,"Coal Creek",3041.95967507395,16.7743745237141,5,0,22.7609424591064,"Talus","stable",50
2020,"F","Triploid",0,-0.482335521741158,0.047339364393782,18.4111111111111,9.20807314866205,"UQRVS","random",0.960259512588651,321964.674741354,4304171.93925523,"Coal Creek",3139.84130331146,23.0344003383059,2,0,22.1512851715088,"Soil","decreasing",50
2018,"M","Diploid",3,-0.656126989029284,0.0536869431917339,11.8090909090909,8.3298804967964,"USKNZ","random",1.01158662638121,322951.515316971,4311025.5075241,"Oh-be-Joyful Creek-Slate River",2893.43080666663,34.9357658990244,3,0,23.1514492034912,"Talus","increasing",50
2020,"F","Diploid",7,-0.520473298273254,0.245609480080086,11.1833333333333,6.06709705433057,"UTDPY","random",1.00621429274047,336035.265743266,4309113.05622119,"Middle East River",3050.37815556149,16.145013269174,3,0,22.1923599243164,"Soil","stable",5.05050505050505
2020,"F","Diploid",0,-0.83019583915431,0.127323954473516,13.6,2.82842712474619,"VBHJU","random",0.99946658783739,325317.227806105,4309206.63464582,"Oh-be-Joyful Creek-Slate River",2968.06103341172,12.9383779825988,1,0,22.5376377105713,"Talus","stable",50
2018,"M","Triploid",3,-0.525382508056796,0.0914420816385492,18.5090909090909,1.81684041426568,"WCPJH","random",1.00996707205037,328127.012381386,4309964.47850429,"Washington Gulch-Slate River",3230.31912970102,24.3497454659633,3,0,21.9842338562012,"Soil","stable",5.05050505050505
2020,"M","Triploid",21,-0.97056641662599,0.189357457575128,8.7,4.15240893939891,"WNBPS","random",1.01174617523523,335416.537128747,4310183.64788462,"Middle East River",3056.77279851356,17.4356400921849,4,0,23.4725685119629,"Soil","increasing",0
2020,"F","Diploid",5,-0.856159170269319,0.172152453317356,12.3,5.6416309698526,"WPRLZ","random",1.00043656574859,327785.908055098,4310113.63129795,"Washington Gulch-Slate River",3265.27398844547,30.2476331629242,2,0,24.426872253418,"Scree","stable",49.4949494949495
2020,"M","Diploid",14,0.485181882538734,0.245609480080086,10.23125,4.19312433236443,"WSPFD01","random",1.00767892107509,320899.382591461,4313088.99156849,"Oh-be-Joyful Creek-Slate River",2857.0241422946,13.8875627573191,4,1,18.0272407531738,"Scree","stable",4.54545454545455
2018,"M","Diploid",0,-0.863393406497073,0.220436209268553,21.4,8.93140526457063,"WYQSZ","random",1.0075374217178,328448.299812705,4309701.0378613,"Washington Gulch-Slate River",3056.4991073766,16.5808421293185,4,0,23.0863246917725,"Soil","stable",5.05050505050505
2018,"M","Diploid",5,-0.93191397890615,0.127323954473516,17.0636363636364,6.14251947123861,"XDZVI","random",1.01001277318058,321948.38708286,4303910.86196195,"Coal Creek",3083.93874655579,23.5903648318784,4,0,24.4093551635742,"Scree","increasing",5.05050505050505
2018,"M","Triploid",15,-0.830548543555523,0.310849498226358,10.6363636363636,5.46228390460853,"XFZOW","random",1.0084533829506,320966.673344374,4302917.64227898,"Coal Creek",2973.73241569589,21.4764445528786,4,0,23.4599914550781,"Talus","stable",0
2018,"M","Triploid",0,0.188303695443233,0.0597316356133967,23.525,12.6321469419745,"XKPJS","random",1.01383726212229,329152.891632398,4310555.18314967,"Middle East River",3005.94306376737,21.32829540531,3,0,17.9472770690918,"Soil","increasing",4.54545454545455
2018,"M","Triploid",3,-0.999847773757558,0.0147304311251696,15,5.87622327690158,"XQWME","random",0.948484142330462,320020.255853867,4303144.72781581,"Coal Creek",3120.89506081202,31.881063594103,1,0,25.5645446777344,"Scree","decreasing",5.55555555555556
2018,"M","Triploid",4,-0.768016463223968,0.0631441948390779,19.675,9.02895594487787,"XUYFP","random",0.999137261849282,321998.744985409,4303911.20660622,"Coal Creek",3073.62272675696,23.0669091455093,3,0,23.3171863555908,"Soil","stable",50
2020,"M","Triploid",3,-0.927492026200863,0.0368030854646538,12.9230769230769,5.54574218750353,"YAJIU","random",0.968000051877889,328121.448388547,4309509.19573621,"Washington Gulch-Slate River",3141.79667816935,22.9632224967438,3,0,24.2945404052734,"Talus","decreasing",50
2018,"F","Triploid",5,-0.336777176101937,0.0688386432058371,19.5909090909091,12.5418861855348,"YAOXG","random",0.980040538966635,322024.509167646,4304014.66073297,"Coal Creek",3082.79895339903,22.2701205199579,3,0,20.999174118042,"Soil","decreasing",50
2018,"F","Triploid",0,-0.157893286962507,0.132573880126527,20.5888888888889,8.55167300071226,"YGUPJ","random",0.964596765613092,323250.999749041,4311037.12324181,"Oh-be-Joyful Creek-Slate River",3005.24990927767,22.0640836391903,5,0,20.1530857086182,"Soil","decreasing",50
2018,"F","Diploid",4,-0.74262636796399,0.232512699915114,14.4571428571429,7.94582849526659,"YOAQZ","random",1.00242669068726,331466.833134156,4313113.69973476,"Middle East River",3222.58325696172,20.8070650006329,3,1,22.9790000915527,"Talus","stable",42.4242424242424
2018,"F","Diploid",2,-0.300810945576544,0.245609480080086,14.9727272727273,6.91044005966203,"ZBVTF","random",1.00425194767743,322182.954484747,4312561.32423283,"Oh-be-Joyful Creek-Slate River",3030.61015922982,31.0325738501805,5,1,21.0422554016113,"Soil","stable",41.9191919191919
2018,"M","Triploid",0,-0.65254433620293,0.180447781283328,18.86,11.9656174098957,"ZGWEI","random",1.00578989914054,322532.526911727,4311639.95895041,"Oh-be-Joyful Creek-Slate River",2990.39929799129,24.0491918224713,4,0,22.8488140106201,"Soil","stable",49.4949494949495
2018,"M","Triploid",2,-0.976842612672413,0.310849498226358,11.39,4.72286400867571,"ZIJVQ","random",0.959727774022574,331488.941921347,4312037.00721046,"Middle East River",3031.31195445287,12.3621197006878,5,1,22.6723670959473,"Talus","decreasing",50
2020,"M","Triploid",0,-0.793873961788427,0.144096824890806,24.4846153846154,5.23208788054478,"ZINLH","random",0.997570291499365,330725.665227589,4312432.45821854,"Middle East River",2997.92646310663,16.019281001583,4,1,22.6612663269043,"Talus","stable",50
2018,"M","Triploid",2,-0.0610904928233919,0.292295579599441,25.25,5.27451946205107,"ZJQRW","random",1.00791961796367,329160.182770904,4310330.80038774,"Middle East River",3027.38308026337,9.80180340386081,4,0,20.0951042175293,"Talus","stable",0
2018,"M","Triploid",7,-0.999974411419972,0.220436209268553,11.2,5.02954904900664,"ZLQMG","random",0.970480002666398,320821.863660999,4303463.03952612,"Coal Creek",3105.17868565579,31.8493285395249,3,0,25.4999485015869,"Scree","decreasing",5.05050505050505
2020,"M","Triploid",0,-0.999974438544586,0.105226408655799,26.7625,3.77810893739939,"ZMCLX","random",0.941935863537291,325305.834658283,4311790.65265405,"Washington Gulch-Slate River",2988.22264585985,9.61834278637702,3,1,22.0383052825928,"Soil","decreasing",50
2018,"M","Triploid",1,-0.936904437208235,0.0946224394125415,17.77,8.44275494794863,"ZRSPK","random",0.964984748645935,323922.472460674,4304419.7013201,"Coal Creek",2977.23177430219,14.294969953572,4,0,22.7532787322998,"Soil","decreasing",50
2018,"M","Diploid",1,-0.585537368789412,0.0420544175166853,14.6416666666667,9.5225529744662,"ZXAOC","random",1.01087221935276,323089.664862023,4310765.3543525,"Oh-be-Joyful Creek-Slate River",2852.61176126333,32.9802358932983,2,0,22.5898876190186,"Talus","increasing",50
2020,"F","Triploid",0,-0.999960586901547,0.189357457575128,15.46,4.14814550264466,"ZXNOG","random",0.941049941663688,321834.126806526,4304156.99835771,"Coal Creek",3160.84426432895,28.8263907264524,4,0,25.221435546875,"Soil","decreasing",50
