"site_code","year","tag","date","field_team","unhealthy","cow","n_small_trees","n_medium_trees","n_small_dead","n_medium_dead","n_dead_down","n_standing_dead","site_notes","n_aspen_trees_surveyed","n_tree_species","plot_radius_m","plot_area_m2","n_adult_dead","n_adult_damaged","n_standing","n_fallen","n_standing_dead_full_survey","n_alive","dbh_center_live","dbh_mean_live","basal_area_density_live","plot_area_m2_derived","n_standing_in_previous_survey","n_still_standing_in_current_year","n","FRACTION_STANDING_AFTER_NUM_YEARS","pfailure","expected_fallen_dead","n_adult_dead_w_background_mortality_estimate","estimate_standing_dead_deflate_v3_numerator","years_since_previous_survey","estimate_standing_dead_deflate_v3_frac","n_standing_dead_over_count","n_adult_dead_w_background_mortality_estimate_and_standing_dead_count_correction","estimate_standing_dead_inflate_v3_numerator","estimate_standing_dead_inflate_v3_frac","n_standing_dead_under_count","n_adult_dead_or_damaged","n_adult_dead_per_m2","n_adult_damaged_per_m2","n_adult_dead_or_damaged_per_m2","n_standing_dead_per_m2","n_adult_dead_w_background_mortality_estimate_per_m2","n_adult_dead_w_background_mortality_estimate_and_standing_dead_count_correction_per_m2","frac_adult_dead","frac_adult_damaged","frac_adult_dead_or_damaged","frac_standing_dead","frac_adult_dead_w_background_mortality_estimate","frac_adult_dead_w_background_mortality_estimate_and_standing_dead_count_correction","frac_adult_dead_per_m2","frac_adult_damaged_per_m2","frac_adult_dead_or_damaged_per_m2","frac_standing_dead_per_m2","frac_adult_dead_w_background_mortality_estimate_per_m2","frac_adult_dead_w_background_mortality_estimate_and_standing_dead_count_correction_per_m2","geneticSexID","Ploidy_level","Cos.aspect","Elevation","Slope","X.UTM","Y.UTM","Watershed","Point_Type"
"CQMJX",2023,361,"2023-08-18","BB, EH, KP",0,0,0,0,0,0,1,0,NA,9,1,7.7,186.265028431339,2,1,7,2,0,7,36,20.5714285714286,0.00557298026648676,186.265028431339,8,6,3,0.75,1,0.347197770967849,2,0,3,0,NA,2,0,0,NA,3,0.0107373886383468,0.0053686943191734,0.0161060829575202,0,0.0107373886383468,0.0107373886383468,0.222222222222222,0.111111111111111,0.333333333333333,0,0.222222222222222,0.222222222222222,0.00119304318203853,0.000596521591019266,0.0017895647730578,0,0.00119304318203853,0.00119304318203853,"F","Triploid",-0.998047294068443,3179.86310786901,20.60721803494,321790.000683487,4304202.05212535,"Coal Creek","Random"
"CVHQZ",2023,314,"2023-08-19","bb, cr",0,0,0,0,0,0,0,3,"witch house; check prior year data",9,1,3.8,45.3645979178366,5,0,7,2,1,6,18,15.7,0.00694113573407202,45.3645979178366,9,7,3,0.777777777777778,1,0.39059749233883,5,0,3,0,NA,5,0,0,NA,5,0.110218104634277,0,0.110218104634277,0.0661308627805659,0.110218104634277,0.110218104634277,0.555555555555556,0,0.555555555555556,3,0.555555555555556,0.555555555555556,0.0122464560704752,0,0.0122464560704752,0.0661308627805659,0.0122464560704752,0.0122464560704752,NA,"Diploid",-0.843518432900586,3089.81144791306,12.7372101666595,325078.761434982,4312227.54223777,"Washington Gulch-Slate River","Random"
"DFRLK",2023,315,"2023-08-19","BB, CR",0,0,0,0,0,0,1,0,"large fall event with trees #9, #10",4,1,5.7,102.070345315132,0,0,4,0,0,4,13.2,16.075,0.0038570944906125,102.070345315132,4,4,3,1,1,0.173598885483925,0,0,3,0,NA,0,0,0,NA,0,0,0,0,0,0,0,0,0,0,0,0,0,0,0,0,0,0,0,"M","Triploid",-0.881933398898457,3066.66665534129,8.24802439881637,325122.792208265,4312140.42304559,"Washington Gulch-Slate River","Random"
"GITMZ",2023,510,"2023-08-17","BB, CR",0,0,36,13,8,0,5,0,"high regeneration site; nail and tag and flashing found to be missing. Replaced with tag #510. Tree ID'ed by nail hole and distances, unhealthy patch",9,1,6.6,136.847775990371,3,3,7,2,1,6,28.6,20.3714285714286,0.00778489439853076,136.847775990371,9,7,3,0.777777777777778,1,0.39059749233883,3,2,3,0.181818181818182,NA,3,0,0,NA,6,0.021922168469958,0.021922168469958,0.0438443369399161,0,0.021922168469958,0.021922168469958,0.333333333333333,0.333333333333333,0.666666666666667,0,0.333333333333333,0.333333333333333,0.002435796496662,0.002435796496662,0.00487159299332401,0,0.002435796496662,0.002435796496662,"M","Triploid",-0.933825003761018,3309.82409979775,27.173529857573,330164.116928695,4313657.08728376,"Middle East River","Random"
"GPQAO",2023,447,"2023-07-05","EC, VM, MB",0,1,1,0,0,0,2,1,"conifer encroachment",7,1,6.4,128.679635091038,1,0,7,0,1,6,32,30.65,0.0167248779296875,128.679635091038,7,7,3,1,1,0.303798049596868,1,0,3,0,NA,1,0,0,NA,1,0.00777123745565895,0,0.00777123745565895,0.00777123745565895,0.00777123745565895,0.00777123745565895,0.142857142857143,0,0.142857142857143,1,0.142857142857143,0.142857142857143,0.00111017677937985,0,0.00111017677937985,0.00777123745565895,0.00111017677937985,0.00111017677937985,"M","Triploid",0.168552605564331,2913.77061877652,1.66172763027008,325325.710091801,4308883.82565473,"Oh-be-Joyful Creek-Slate River","Random"
"HXQLU",2023,453,"2023-06-29","EC CP",0,1,4,3,0,1,1,2,"cows: open clearing",9,1,3.8,45.3645979178366,2,0,9,0,1,8,17.2,15.275,0.0152168975069252,45.3645979178366,9,9,3,1,1,0.39059749233883,2,1,3,0.0909090909090909,NA,2,0,0,NA,2,0.0440872418537106,0,0.0440872418537106,0.0440872418537106,0.0440872418537106,0.0440872418537106,0.222222222222222,0,0.222222222222222,2,0.222222222222222,0.222222222222222,0.00489858242819007,0,0.00489858242819007,0.0440872418537106,0.00489858242819007,0.00489858242819007,"M","Triploid",-0.0780394840486651,2977.94994486736,18.938751856394,335889.403308966,4309315.40455963,"Middle East River","Random"
"SGBTF01",2023,310,"2023-07-13","EC MB",1,0,3,4,1,0,3,4,"lovely! Talus. There is a large fir unmeasured?",9,1,5.8,105.683176866761,4,2,9,0,4,5,20.1,9.5375,0.00266328775267539,105.683176866761,9,9,3,1,0.433480053808318,0.39059749233883,4,0,3,0,NA,4,2,0.181818181818182,NA,6,0.0378489757650167,0.0189244878825084,0.0567734636475251,0.0378489757650167,0.0378489757650167,0.0378489757650167,0.444444444444444,0.222222222222222,0.666666666666667,4,0.444444444444444,0.444444444444444,0.00420544175166853,0.00210272087583426,0.00630816262750279,0.0378489757650167,0.00420544175166853,0.00420544175166853,"M","Triploid",-0.867437858792474,3109.20424862908,17.8426703726683,326136.544900471,4312259.8023211,"Washington Gulch-Slate River","Random"
"VBHJU",2023,435,"2023-07-05","EC, VM, MB",1,1,8,0,1,0,1,0,"oozing wounds, evidence or borers, bark flaking off, lots of dead branches",2,1,5,78.5398163397448,0,1,2,0,0,2,16.2,14.8,0.001768,78.5398163397448,2,2,3,1,1,0.0867994427419623,0,0,3,0,NA,0,0,0,NA,1,0,0.0127323954473516,0.0127323954473516,0,0,0,0,0.5,0.5,0,0,0,0,0.00636619772367581,0.00636619772367581,0,0,0,"F","Diploid",-0.83019583915431,2968.06103341172,12.9383779825988,325317.227806105,4309206.63464582,"Oh-be-Joyful Creek-Slate River","Random"
"ZXNOG",2023,360,"2023-08-18","BB, EH,KP",0,0,0,0,0,0,0,1,NA,9,1,4.3,58.0880481648753,1,1,8,0,1,7,27.1,15.5375,0.0116691725256896,58.0880481648753,9,9,3,1,1,0.39059749233883,1,1,3,0.0909090909090909,NA,1,0,0,NA,2,0.0172152453317356,0.0172152453317356,0.0344304906634711,0.0172152453317356,0.0172152453317356,0.0172152453317356,0.111111111111111,0.111111111111111,0.222222222222222,1,0.111111111111111,0.111111111111111,0.00191280503685951,0.00191280503685951,0.00382561007371902,0.0172152453317356,0.00191280503685951,0.00191280503685951,"F","Triploid",-0.999960586901547,3160.84426432895,28.8263907264524,321834.126806526,4304156.99835771,"Coal Creek","Random"
